{"cameraMode":{"drawMode":0,"name":"Shaded","section":"Shading Mode"},"sceneLighting":true,"audioPlay":false,"sceneViewState":{"showFog":true,"showMaterialUpdate":true,"showSkybox":true,"showFlares":true,"showImageEffects":true,"showParticleSystems":true},"in2DMode":false,"pivot":{"x":-14.961726188659668,"y":1.311248779296875,"z":209.74441528320313},"rotation":{"x":0.17368216812610627,"y":-0.08323384076356888,"z":0.014781244099140168,"w":0.9811967611312866},"size":53.81427764892578,"orthographic":false}