{"cameraMode":{"drawMode":0,"name":"Shaded","section":"Shading Mode"},"sceneLighting":true,"audioPlay":false,"sceneViewState":{"showFog":true,"showMaterialUpdate":true,"showSkybox":true,"showFlares":true,"showImageEffects":true,"showParticleSystems":true},"in2DMode":false,"pivot":{"x":35.312843322753909,"y":40.41191101074219,"z":202.9340057373047},"rotation":{"x":0.0196396317332983,"y":0.13481555879116059,"z":-0.0025084710214287044,"w":0.9909709692001343},"size":108.97102355957031,"orthographic":false}